block_num,block_time,contract,action,from,to,amount,symbol,memo,data
212547273,2021-10-28T15:41:55.500,eosio.msig,approve,,,,,,"{""proposer"":""playuplandme"",""proposal_name"":""codeset2"",""level"":{""actor"":""uplandexecut"",""permission"":""active""}}"
207872096,2021-10-01T14:15:13.500,eosio.msig,approve,,,,,,"{""proposer"":""playuplandme"",""proposal_name"":""codeset"",""level"":{""actor"":""uplandexecut"",""permission"":""active""}}"
203913201,2021-09-08T16:20:56.500,eosio.msig,approve,,,,,,"{""proposer"":""playuplandme"",""proposal_name"":""codeset"",""level"":{""actor"":""uplandexecut"",""permission"":""active""}}"
196655654,2021-07-28T16:09:28.000,eosio.msig,approve,,,,,,"{""proposer"":""playuplandme"",""proposal_name"":""codeset"",""level"":{""actor"":""uplandexecut"",""permission"":""active""}}"
192157832,2021-07-02T15:06:30.000,eosio.msig,approve,,,,,,"{""proposer"":""playuplandme"",""proposal_name"":""codeset"",""level"":{""actor"":""uplandexecut"",""permission"":""active""}}"
189403552,2021-06-16T16:30:22.500,eosio.msig,approve,,,,,,"{""proposer"":""playuplandme"",""proposal_name"":""codeset"",""level"":{""actor"":""uplandexecut"",""permission"":""active""}}"
188351187,2021-06-10T14:20:14.000,eosio.msig,approve,,,,,,"{""proposer"":""playuplandme"",""proposal_name"":""codeset"",""level"":{""actor"":""uplandexecut"",""permission"":""active""}}"
186815077,2021-06-01T16:58:48.000,eosio.msig,approve,,,,,,"{""proposer"":""playuplandme"",""proposal_name"":""codeset2"",""level"":{""actor"":""uplandexecut"",""permission"":""active""}}"
185423921,2021-05-24T15:45:42.000,eosio.msig,approve,,,,,,"{""proposer"":""playuplandme"",""proposal_name"":""codeset2"",""level"":{""actor"":""uplandexecut"",""permission"":""active""}}"
185418616,2021-05-24T15:01:29.000,eosio.msig,approve,,,,,,"{""proposer"":""playuplandme"",""proposal_name"":""codeset"",""level"":{""actor"":""uplandexecut"",""permission"":""active""}}"
184254895,2021-05-17T21:05:14.500,eosio.msig,approve,,,,,,"{""proposer"":""playuplandme"",""proposal_name"":""codeset"",""level"":{""actor"":""uplandexecut"",""permission"":""active""}}"
178705338,2021-04-15T17:14:43.500,eosio.msig,approve,,,,,,"{""proposer"":""playuplandme"",""proposal_name"":""codeset1"",""level"":{""actor"":""uplandexecut"",""permission"":""active""}}"
176956462,2021-04-05T14:20:24.000,eosio.msig,approve,,,,,,"{""proposer"":""playuplandme"",""proposal_name"":""permchange"",""level"":{""actor"":""uplandexecut"",""permission"":""active""}}"
170806164,2021-02-28T23:48:43.500,eosio.msig,approve,,,,,,"{""proposer"":""playuplandme"",""proposal_name"":""fnn4fn"",""level"":{""actor"":""uplandexecut"",""permission"":""active""}}"
168048376,2021-02-13T00:24:57.500,eosio.msig,approve,,,,,,"{""proposer"":""playuplandme"",""proposal_name"":""sy1yit"",""level"":{""actor"":""uplandexecut"",""permission"":""active""}}"
163856213,2021-01-19T17:38:17.000,eosio.msig,approve,,,,,,"{""proposer"":""playuplandme"",""proposal_name"":""codeset1"",""level"":{""actor"":""uplandexecut"",""permission"":""active""}}"
163148903,2021-01-15T15:22:16.000,eosio.msig,approve,,,,,,"{""proposer"":""playuplandme"",""proposal_name"":""rk5oop"",""level"":{""actor"":""uplandexecut"",""permission"":""active""}}"
160757710,2021-01-01T19:12:06.500,eosio.msig,approve,,,,,,"{""proposer"":""playuplandme"",""proposal_name"":""nfrh4u"",""level"":{""actor"":""uplandexecut"",""permission"":""active""}}"
158136811,2020-12-17T14:57:55.500,eosio.msig,approve,,,,,,"{""proposer"":""playuplandme"",""proposal_name"":""hbmdw3"",""level"":{""actor"":""uplandexecut"",""permission"":""active""}}"
152957917,2020-11-17T15:16:00.500,eosio.msig,approve,,,,,,"{""proposer"":""playuplandme"",""proposal_name"":""xijk1x"",""level"":{""actor"":""uplandexecut"",""permission"":""active""}}"
150883615,2020-11-05T14:56:02.500,eosio.msig,approve,,,,,,"{""proposer"":""playuplandme"",""proposal_name"":""codeset"",""level"":{""actor"":""uplandexecut"",""permission"":""active""}}"
150386526,2020-11-02T17:53:24.500,eosio.msig,approve,,,,,,"{""proposer"":""playuplandme"",""proposal_name"":""pn4zzp"",""level"":{""actor"":""uplandexecut"",""permission"":""active""}}"
148142892,2020-10-20T18:03:00.500,eosio.msig,approve,,,,,,"{""proposer"":""playuplandme"",""proposal_name"":""wkdirv"",""level"":{""actor"":""uplandexecut"",""permission"":""active""}}"
146908518,2020-10-13T14:31:59.000,eosio.msig,approve,,,,,,"{""proposer"":""playuplandme"",""proposal_name"":""codeset"",""level"":{""actor"":""uplandexecut"",""permission"":""active""}}"
143152197,2020-09-21T20:42:57.000,eosio.msig,approve,,,,,,"{""proposer"":""playuplandme"",""proposal_name"":""ugcxyi"",""level"":{""actor"":""uplandexecut"",""permission"":""active""}}"
128632336,2020-06-29T19:19:23.500,eosio.msig,approve,,,,,,"{""proposer"":""playuplandme"",""proposal_name"":""h122gk"",""level"":{""actor"":""uplandexecut"",""permission"":""active""}}"
128612988,2020-06-29T16:38:08.500,eosio.msig,approve,,,,,,"{""proposer"":""playuplandme"",""proposal_name"":""stkng"",""level"":{""actor"":""uplandexecut"",""permission"":""active""}}"
128606413,2020-06-29T15:43:19.500,eosio.msig,approve,,,,,,"{""proposer"":""playuplandme"",""proposal_name"":""b1kytr"",""level"":{""actor"":""uplandexecut"",""permission"":""active""}}"
128603026,2020-06-29T15:15:05.500,eosio.msig,approve,,,,,,"{""proposer"":""playuplandme"",""proposal_name"":""yj54cw"",""level"":{""actor"":""uplandexecut"",""permission"":""active""}}"
128599384,2020-06-29T14:44:44.000,eosio.msig,approve,,,,,,"{""proposer"":""playuplandme"",""proposal_name"":""4ci33m"",""level"":{""actor"":""uplandexecut"",""permission"":""active""}}"
124144501,2020-06-03T19:52:31.000,eosio.msig,approve,,,,,,"{""proposer"":""playuplandme"",""proposal_name"":""erzdgu"",""level"":{""actor"":""uplandexecut"",""permission"":""active""}}"
123476881,2020-05-30T23:04:46.000,eosio.msig,approve,,,,,,"{""proposer"":""playuplandme"",""proposal_name"":""djaff5"",""level"":{""actor"":""uplandexecut"",""permission"":""active""}}"
123473498,2020-05-30T22:36:34.500,eosio.msig,approve,,,,,,"{""proposer"":""playuplandme"",""proposal_name"":""21cqlq"",""level"":{""actor"":""uplandexecut"",""permission"":""active""}}"
120480151,2020-05-13T14:45:00.500,eosio.msig,approve,,,,,,"{""proposer"":""playuplandme"",""proposal_name"":""codeset"",""level"":{""actor"":""uplandexecut"",""permission"":""active""}}"
118247334,2020-04-30T16:34:38.500,eosio.msig,approve,,,,,,"{""proposer"":""playuplandme"",""proposal_name"":""jhmq3v"",""level"":{""actor"":""uplandexecut"",""permission"":""active""}}"
115651846,2020-04-15T15:11:46.500,eosio.msig,approve,,,,,,"{""proposer"":""playuplandme"",""proposal_name"":""codeset"",""level"":{""actor"":""uplandexecut"",""permission"":""active""}}"
113592926,2020-04-03T17:03:01.000,eosio.msig,approve,,,,,,"{""proposer"":""playuplandme"",""proposal_name"":""aikk2o"",""level"":{""actor"":""uplandexecut"",""permission"":""active""}}"
113590574,2020-04-03T16:43:25.000,eosio.msig,approve,,,,,,"{""proposer"":""playuplandme"",""proposal_name"":""fsltc2"",""level"":{""actor"":""uplandexecut"",""permission"":""active""}}"
108575927,2020-03-05T14:02:16.500,eosio.msig,approve,,,,,,"{""proposer"":""playuplandme"",""proposal_name"":""transfer"",""level"":{""actor"":""uplandexecut"",""permission"":""active""}}"
108575896,2020-03-05T14:02:01.000,eosio.msig,approve,,,,,,"{""proposer"":""playuplandme"",""proposal_name"":""linkprm"",""level"":{""actor"":""uplandexecut"",""permission"":""active""}}"
108575885,2020-03-05T14:01:55.500,eosio.msig,approve,,,,,,"{""proposer"":""playuplandme"",""proposal_name"":""codeset"",""level"":{""actor"":""uplandexecut"",""permission"":""active""}}"
106332371,2020-02-21T13:28:10.500,eosio.msig,approve,,,,,,"{""proposer"":""playuplandme"",""proposal_name"":""codeset"",""level"":{""actor"":""uplandexecut"",""permission"":""active""}}"
104829532,2020-02-12T19:49:29.500,eosio.msig,approve,,,,,,"{""proposer"":""playuplandme"",""proposal_name"":""vdkpog"",""level"":{""actor"":""uplandexecut"",""permission"":""active""}}"
103363274,2020-02-04T01:45:10.000,eosio.msig,approve,,,,,,"{""proposer"":""playuplandme"",""proposal_name"":""codeset"",""level"":{""actor"":""uplandexecut"",""permission"":""active""}}"
101291901,2020-01-21T17:03:32.500,eosio.msig,approve,,,,,,"{""proposer"":""playuplandme"",""proposal_name"":""codeset"",""level"":{""actor"":""uplandexecut"",""permission"":""active""}}"
98546146,2020-01-04T18:15:39.000,eosio.msig,approve,,,,,,"{""proposer"":""playuplandme"",""proposal_name"":""ucs4hr"",""level"":{""actor"":""uplandexecut"",""permission"":""active""}}"
97853567,2019-12-31T16:03:28.500,eosio.msig,approve,,,,,,"{""proposer"":""playuplandme"",""proposal_name"":""5dsfze"",""level"":{""actor"":""uplandexecut"",""permission"":""active""}}"
95683869,2019-12-18T19:58:39.000,eosio.msig,approve,,,,,,"{""proposer"":""playuplandme"",""proposal_name"":""permchange"",""level"":{""actor"":""uplandexecut"",""permission"":""active""}}"
95683840,2019-12-18T19:58:24.500,eosio.msig,approve,,,,,,"{""proposer"":""playuplandme"",""proposal_name"":""codeset"",""level"":{""actor"":""uplandexecut"",""permission"":""active""}}"
93103526,2019-12-03T16:52:27.000,eosio.msig,approve,,,,,,"{""proposer"":""playuplandme"",""proposal_name"":""transfertode5"",""level"":{""actor"":""uplandexecut"",""permission"":""active""}}"
91402026,2019-11-23T17:01:18.500,eosio.msig,approve,,,,,,"{""proposer"":""playuplandme"",""proposal_name"":""claimunstake"",""level"":{""actor"":""uplandexecut"",""permission"":""active""}}"
90890134,2019-11-20T16:43:14.500,eosio.msig,approve,,,,,,"{""proposer"":""playuplandme"",""proposal_name"":""permchange"",""level"":{""actor"":""uplandexecut"",""permission"":""active""}}"
90890071,2019-11-20T16:42:42.500,eosio.msig,approve,,,,,,"{""proposer"":""playuplandme"",""proposal_name"":""codeset"",""level"":{""actor"":""uplandexecut"",""permission"":""active""}}"
89532669,2019-11-12T17:05:05.500,eosio.msig,approve,,,,,,"{""proposer"":""uplanddeploy"",""proposal_name"":""refund2"",""level"":{""actor"":""uplandexecut"",""permission"":""active""}}"
89528581,2019-11-12T16:30:16.500,eosio.msig,approve,,,,,,"{""proposer"":""uplanddeploy"",""proposal_name"":""refund"",""level"":{""actor"":""uplandexecut"",""permission"":""active""}}"
86422256,2019-10-25T15:29:08.000,eosio.msig,approve,,,,,,"{""proposer"":""playuplandme"",""proposal_name"":""undellink"",""level"":{""actor"":""uplandexecut"",""permission"":""active""}}"
83485625,2019-10-08T15:24:21.000,eosio.msig,approve,,,,,,"{""proposer"":""playuplandme"",""proposal_name"":""linkcol"",""level"":{""actor"":""uplandexecut"",""permission"":""active""}}"
75069071,2019-08-20T20:00:22.000,eosio.msig,approve,,,,,,"{""proposer"":""playuplandme"",""proposal_name"":""withdralink"",""level"":{""actor"":""uplandexecut"",""permission"":""active""}}"
73819258,2019-08-13T14:05:37.500,eosio.msig,approve,,,,,,"{""proposer"":""playuplandme"",""proposal_name"":""codeset"",""level"":{""actor"":""uplandexecut"",""permission"":""active""}}"
72816053,2019-08-07T18:37:21.500,eosio.msig,approve,,,,,,"{""proposer"":""playuplandme"",""proposal_name"":""fixsymbols"",""level"":{""actor"":""uplandexecut"",""permission"":""active""}}"
72815534,2019-08-07T18:33:02.000,eosio.msig,approve,,,,,,"{""proposer"":""playuplandme"",""proposal_name"":""initiate"",""level"":{""actor"":""uplandexecut"",""permission"":""active""}}"
72813932,2019-08-07T18:19:41.000,eosio.msig,approve,,,,,,"{""proposer"":""playuplandme"",""proposal_name"":""codeset"",""level"":{""actor"":""uplandexecut"",""permission"":""active""}}"
72801557,2019-08-07T16:36:31.500,eosio.msig,approve,,,,,,"{""proposer"":""playuplandme"",""proposal_name"":""linktrnsfr"",""level"":{""actor"":""uplandexecut"",""permission"":""active""}}"
72801150,2019-08-07T16:33:08.000,eosio.msig,approve,,,,,,"{""proposer"":""playuplandme"",""proposal_name"":""linka31"",""level"":{""actor"":""uplandexecut"",""permission"":""active""}}"
72799954,2019-08-07T16:23:09.500,eosio.msig,approve,,,,,,"{""proposer"":""playuplandme"",""proposal_name"":""pooltrnsfr"",""level"":{""actor"":""uplandexecut"",""permission"":""active""}}"
72798952,2019-08-07T16:14:48.000,eosio.msig,approve,,,,,,"{""proposer"":""playuplandme"",""proposal_name"":""issue"",""level"":{""actor"":""uplandexecut"",""permission"":""active""}}"
62120638,2019-06-06T19:10:42.000,eosio.msig,approve,,,,,,"{""proposer"":""uplanddeploy"",""proposal_name"":""permchange"",""level"":{""actor"":""uplandexecut"",""permission"":""active""}}"
62090901,2019-06-06T15:02:49.500,eosio.msig,approve,,,,,,"{""proposer"":""uplanddeploy"",""proposal_name"":""codeset"",""level"":{""actor"":""uplandexecut"",""permission"":""active""}}"
62083543,2019-06-06T14:01:29.500,eosio,updateauth,,,,,,"{""permission"":""owner"",""parent"":"""",""auth"":{""threshold"":1,""keys"":[{""key"":""PUB_K1_7EuueLYQUcJ8M9cbkkNWmwwi7GTpV6NRnwCuZ5TRFuwoD3goES"",""weight"":1}]},""account"":""uplandexecut""}"
62083455,2019-06-06T14:00:45.000,eosio,updateauth,,,,,,"{""permission"":""active"",""parent"":""owner"",""auth"":{""threshold"":1,""keys"":[{""key"":""PUB_K1_6fFHRaPwUjtDanhc7ZFVCn9y6CRh48F91Cg7M1tTutSnJp8dvD"",""weight"":1}]},""account"":""uplandexecut""}"